Workbook
Name AccountType: Parameters!$O$5:$O$9
Name AddressType: Parameters!$R$5:$R$7
Name AsOfDate: CONTROL_Cover!$B$3
Name Audit_Status: Parameters!$B$4:$B$9
Name AuditStatus: Parameters!$F$5:$F$9
Name BankAccountIDList: Bank_Accounts!$A$2:$A$1000
Name BankAccountStatus: Parameters!$N$5:$N$9
Name Control_Status: Parameters!$I$4:$I$7
Name ControlRiskRating: Parameters!$U$5:$U$7
Name ControlStatus: Parameters!$T$5:$T$8
Name Currency: Parameters!$F$4:$F$10
Name DataProtectionRegime: Parameters!$L$5:$L$9
Name Document_Status: Parameters!$K$4:$K$7
Name DocumentType: Parameters!$S$5:$S$17
Name Entity_Status: Parameters!$D$4:$D$8
Name EntityIDList: Entity_Master!$A$2:$A$1000
Name EntityStatus: Parameters!$H$5:$H$9
Name Filing_Frequency: Parameters!$G$4:$G$8
Name FilingFrequency: Parameters!$K$5:$K$9
Name Jurisdiction: Parameters!$A$4:$A$13
Name JurisdictionList: Parameters!$A$5:$A$10
Name JurisdictionTable: Parameters!$A$5:$D$10
Name Risk_Rating: Parameters!$J$4:$J$7
Name Role: Parameters!$M$5:$M$10
Name Signing_Authority: Parameters!$H$4:$H$7
Name SigningAuthority: Parameters!$P$5:$P$9
Name Tax_Regime: Parameters!$C$4:$C$9
Name TaxFilingStatus: Parameters!$Q$5:$Q$8
Name TaxRegime: Parameters!$G$5:$G$10
Name Yes_No: Parameters!$E$4:$E$5
Name YesNo: Parameters!$I$5:$I$6

Sheet Executive_Cover
A1: SYMAX GROUP GOVERNANCE & COMPLIANCE – EXECUTIVE SUMMARY
A3: Reporting Date: | B3: =TODAY() -> 46109
A5: Key Risk Indicators
A7: Total Entities | B7: =COUNTA(Entity_Master!A2:A5000) -> 11
A8: Overdue VAT Filings | B8: =COUNTIF(tblTax[Filing Status (Auto)],"Overdue") -> 0
A9: Overdue CT Filings | B9: =COUNTIF(Table8[Filing Status (Auto)],"Overdue") -> 0
A10: Expired Licenses | B10: =COUNTIF(Licenses_Regulatory!O2:O4599,"EXPIRED") -> 0
A11: High-Risk Calendar Items | B11: =COUNTIF(Renewal_Calendar!K2:K4841,"OVERDUE") -> 0

Sheet CONTROL_Cover
A1: Symax Group Governance & Control System
A3: As-of Date (for dashboard & compliance calculations) | B3: 2026-02-06
A5: Instructions
A6: 1) Maintain Entity_Master as the single source of Entity IDs and legal names.
A7: 2) Use dropdowns (validated fields) wherever available to keep data consistent.
A8: 3) Insert logos/photos directly into the designated 'Insert Image' cells.
A9: 4) Use Document_Control to link key statutory, banking and tax documents.
A10: 5) Dashboard updates automatically based on sheet data.

Sheet Parameters
A1: Reference Lists (edit values only)
A2: Jurisdiction | B2: Audit_Status | C2: Regulatory_Group | D2: Entity_Status | E2: Yes_No | F2: Currency | G2: Filing_Frequency | H2: Signing_Authority | I2: Control_Status | J2: Risk_Rating | K2: Document_Status | L2: Address Type
A3: Select | B3: Select | C3: Select | D3: Select | E3: Select | F3: Select | G3: Select | H3: Select | I3: Select | J3: Select | K3: Select | L3: Select
A4: UAE | B4: Not Required | C4: Corporate Tax | D4: Active | E4: Yes | F4: AED | G4: Monthly | H4: Single | I4: Open | J4: Low | K4: Missing | L4: Registered
A5: UK | B5: Planned | C5: Corporation Tax | D5: Dormant | E5: No | F5: EUR | G5: Quarterly | H5: Joint | I5: In Progress | J5: Medium | K5: Available | L5: Admin
A6: EU | B6: In Progress | C6: Federal & State Tax | D6: Incorporation | F6: GBP | G6: Semi-Annual | H6: Any Two | I6: Closed | J6: High | K6: Expired | L6: Operational
A7: US | B7: Completed | C7: VAT Regime | D7: Liquidation | F7: USD | G7: Annual | H7: Board Resolution Required | I7: On Hold | J7: Critical | K7: Renewal in Progress
A8: Germany | B8: Qualified | C8: CT+VAT | D8: Struck Off | F8: CHF | G8: Ad-hoc
A9: Italy | B9: Overdue | C9: Other | F9: SAR
A10: Ireland | F10: Other
A11: Netherlands
A12: Singapore
A13: Other

Sheet Entity_Master
A1: Entity ID | B1: Entity Legal Name | C1: Trading Name | D1: Holding Company | E1: Shareholder 1 | F1: Shareholding %age 1 | G1: Shareholder 2 | H1: Shareholding %age 2 | I1: Shareholder 3 | J1: Shareholding %age 3 | K1: Jurisdiction | L1: Address Type (Registered/Admin/Operational) | M1: Full Address | N1: City | O1: Country | P1: Postal Code | Q1: Regulatory Group (auto) | R1: Risk rating (auto) | S1: Legal Form | T1: Registration / License No | U1: Incorporation Date | V1: Entity Status | W1: Logo (Insert Image) | X1: Remarks
A2: E-001 | B2: Symax Group Limited | C2: Symax Group Limited | E2: Symax Holding Limited | F2: 100 | K2: EU | L2: Registered | M2: 28, Esplanade | N2: St. Helier | O2: Jersey | P2: JE2 3QA | Q2: Federal & State Tax | R2: Low | S2: Company | T2: 138014 | U2: 44449 | V2: Active
A3: E-002 | B3: Mycom Holding Limited | C3: Mycom Holding Limited | Q3: =IFERROR(VLOOKUP($K3,Parameters!$A$5:$D$101,3,FALSE),"") | R3: =IFERROR(VLOOKUP($K3,Parameters!$A$5:$D$101,4,FALSE),"") | V3: Active
A4: E-003 | B4: Amertaat Ltd. | C4: Amertaat Ltd. | Q4: =IFERROR(VLOOKUP($K4,Parameters!$A$5:$D$101,3,FALSE),"") | R4: =IFERROR(VLOOKUP($K4,Parameters!$A$5:$D$101,4,FALSE),"") | V4: Active
A5: E-004 | B5: One Media Tech Holding Inc. | C5: One Media Tech Holding Inc. | Q5: =IFERROR(VLOOKUP($K5,Parameters!$A$5:$D$101,3,FALSE),"") | R5: =IFERROR(VLOOKUP($K5,Parameters!$A$5:$D$101,4,FALSE),"") | V5: Active
A6: E-005 | B6: Symax General Trading LLC | C6: Symax General Trading LLC | Q6: =IFERROR(VLOOKUP($K6,Parameters!$A$5:$D$101,3,FALSE),"") | R6: =IFERROR(VLOOKUP($K6,Parameters!$A$5:$D$101,4,FALSE),"") | V6: Active
A7: E-006 | B7: Symax Law FZCO | C7: Symax Law FZCO | Q7: =IFERROR(VLOOKUP($K7,Parameters!$A$5:$D$101,3,FALSE),"") | R7: =IFERROR(VLOOKUP($K7,Parameters!$A$5:$D$101,4,FALSE),"") | V7: Active
A8: E-007 | B8: Z Prime Ltd | C8: Z Prime Ltd | Q8: =IFERROR(VLOOKUP($K8,Parameters!$A$5:$D$101,3,FALSE),"") | R8: =IFERROR(VLOOKUP($K8,Parameters!$A$5:$D$101,4,FALSE),"") | V8: Active
A9: E-008 | B9: Z Prime GmbH | C9: Z Prime GmbH | Q9: =IFERROR(VLOOKUP($K9,Parameters!$A$5:$D$101,3,FALSE),"") | R9: =IFERROR(VLOOKUP($K9,Parameters!$A$5:$D$101,4,FALSE),"") | V9: Active
A10: E-009 | B10: Amertaat Italia SRL | C10: Amertaat Italia SRL | Q10: =IFERROR(VLOOKUP($K10,Parameters!$A$5:$D$101,3,FALSE),"") | R10: =IFERROR(VLOOKUP($K10,Parameters!$A$5:$D$101,4,FALSE),"") | V10: Active
A11: E-010 | B11: eJuno FZCO | C11: eJuno FZCO | Q11: =IFERROR(VLOOKUP($K11,Parameters!$A$5:$D$101,3,FALSE),"") | R11: =IFERROR(VLOOKUP($K11,Parameters!$A$5:$D$101,4,FALSE),"") | V11: Active
A12: E-011 | Q12: =IFERROR(VLOOKUP($K12,Parameters!$A$5:$D$101,3,FALSE),"") | R12: =IFERROR(VLOOKUP($K12,Parameters!$A$5:$D$101,4,FALSE),"")
Q13: =IFERROR(VLOOKUP($K13,Parameters!$A$5:$D$101,3,FALSE),"") | R13: =IFERROR(VLOOKUP($K13,Parameters!$A$5:$D$101,4,FALSE),"")
Q14: =IFERROR(VLOOKUP($K14,Parameters!$A$5:$D$101,3,FALSE),"") | R14: =IFERROR(VLOOKUP($K14,Parameters!$A$5:$D$101,4,FALSE),"")
Q15: =IFERROR(VLOOKUP($K15,Parameters!$A$5:$D$101,3,FALSE),"") | R15: =IFERROR(VLOOKUP($K15,Parameters!$A$5:$D$101,4,FALSE),"")
Q16: =IFERROR(VLOOKUP($K16,Parameters!$A$5:$D$101,3,FALSE),"") | R16: =IFERROR(VLOOKUP($K16,Parameters!$A$5:$D$101,4,FALSE),"")
Q17: =IFERROR(VLOOKUP($K17,Parameters!$A$5:$D$101,3,FALSE),"") | R17: =IFERROR(VLOOKUP($K17,Parameters!$A$5:$D$101,4,FALSE),"")
Q18: =IFERROR(VLOOKUP($K18,Parameters!$A$5:$D$101,3,FALSE),"") | R18: =IFERROR(VLOOKUP($K18,Parameters!$A$5:$D$101,4,FALSE),"")
Q19: =IFERROR(VLOOKUP($K19,Parameters!$A$5:$D$101,3,FALSE),"") | R19: =IFERROR(VLOOKUP($K19,Parameters!$A$5:$D$101,4,FALSE),"")
Q20: =IFERROR(VLOOKUP($K20,Parameters!$A$5:$D$101,3,FALSE),"") | R20: =IFERROR(VLOOKUP($K20,Parameters!$A$5:$D$101,4,FALSE),"")
Q21: =IFERROR(VLOOKUP($K21,Parameters!$A$5:$D$101,3,FALSE),"") | R21: =IFERROR(VLOOKUP($K21,Parameters!$A$5:$D$101,4,FALSE),"")
Q22: =IFERROR(VLOOKUP($K22,Parameters!$A$5:$D$101,3,FALSE),"") | R22: =IFERROR(VLOOKUP($K22,Parameters!$A$5:$D$101,4,FALSE),"")
Q23: =IFERROR(VLOOKUP($K23,Parameters!$A$5:$D$101,3,FALSE),"") | R23: =IFERROR(VLOOKUP($K23,Parameters!$A$5:$D$101,4,FALSE),"")
Q24: =IFERROR(VLOOKUP($K24,Parameters!$A$5:$D$101,3,FALSE),"") | R24: =IFERROR(VLOOKUP($K24,Parameters!$A$5:$D$101,4,FALSE),"")
... Q982: =IFERROR(VLOOKUP($K982,Parameters!$A$5:$D$101,3,FALSE),"") | R982: =IFERROR(VLOOKUP($K982,Parameters!$A$5:$D$101,4,FALSE),"")
K983: EU | L983: Registered | Q983: =IFERROR(VLOOKUP($K983,Parameters!$A$5:$D$101,3,FALSE),"") -> Federal & State Tax | R983: =IFERROR(VLOOKUP($K983,Parameters!$A$5:$D$101,4,FALSE),"") -> Incorporation
Q984: =IFERROR(VLOOKUP($K984,Parameters!$A$5:$D$101,3,FALSE),"") | R984: =IFERROR(VLOOKUP($K984,Parameters!$A$5:$D$101,4,FALSE),"")
Q985: =IFERROR(VLOOKUP($K985,Parameters!$A$5:$D$101,3,FALSE),"") | R985: =IFERROR(VLOOKUP($K985,Parameters!$A$5:$D$101,4,FALSE),"")
Q986: =IFERROR(VLOOKUP($K986,Parameters!$A$5:$D$101,3,FALSE),"") | R986: =IFERROR(VLOOKUP($K986,Parameters!$A$5:$D$101,4,FALSE),"")
Q987: =IFERROR(VLOOKUP($K987,Parameters!$A$5:$D$101,3,FALSE),"") | R987: =IFERROR(VLOOKUP($K987,Parameters!$A$5:$D$101,4,FALSE),"")
Q988: =IFERROR(VLOOKUP($K988,Parameters!$A$5:$D$101,3,FALSE),"") | R988: =IFERROR(VLOOKUP($K988,Parameters!$A$5:$D$101,4,FALSE),"")
Q989: =IFERROR(VLOOKUP($K989,Parameters!$A$5:$D$101,3,FALSE),"") | R989: =IFERROR(VLOOKUP($K989,Parameters!$A$5:$D$101,4,FALSE),"")
Q990: =IFERROR(VLOOKUP($K990,Parameters!$A$5:$D$101,3,FALSE),"") | R990: =IFERROR(VLOOKUP($K990,Parameters!$A$5:$D$101,4,FALSE),"")
Q991: =IFERROR(VLOOKUP($K991,Parameters!$A$5:$D$101,3,FALSE),"") | R991: =IFERROR(VLOOKUP($K991,Parameters!$A$5:$D$101,4,FALSE),"")
Q992: =IFERROR(VLOOKUP($K992,Parameters!$A$5:$D$101,3,FALSE),"") | R992: =IFERROR(VLOOKUP($K992,Parameters!$A$5:$D$101,4,FALSE),"")
Q993: =IFERROR(VLOOKUP($K993,Parameters!$A$5:$D$101,3,FALSE),"") | R993: =IFERROR(VLOOKUP($K993,Parameters!$A$5:$D$101,4,FALSE),"")
Q994: =IFERROR(VLOOKUP($K994,Parameters!$A$5:$D$101,3,FALSE),"") | R994: =IFERROR(VLOOKUP($K994,Parameters!$A$5:$D$101,4,FALSE),"")
Q995: =IFERROR(VLOOKUP($K995,Parameters!$A$5:$D$101,3,FALSE),"") | R995: =IFERROR(VLOOKUP($K995,Parameters!$A$5:$D$101,4,FALSE),"")
... Q1000: =IFERROR(VLOOKUP($K1000,Parameters!$A$5:$D$101,3,FALSE),"") | R1000: =IFERROR(VLOOKUP($K1000,Parameters!$A$5:$D$101,4,FALSE),"")

Sheet Addresses
A1: Entity ID | B1: Address Type (Registered/Admin/Operational) | C1: Full Address | D1: City | E1: Country | F1: Postal Code
A2: =tblEntity[[#This Row],[Entity ID]] -> E-001 | B2: =tblEntity[[#This Row],[Address Type (Registered/Admin/Operational)]] -> Registered | C2: =tblEntity[[#This Row],[Full Address]] -> 28, Esplanade | D2: =tblEntity[[#This Row],[City]] -> St. Helier | E2: =tblEntity[[#This Row],[Country]] -> Jersey | F2: =tblEntity[[#This Row],[Postal Code]] -> JE2 3QA

Sheet Directors_Officers
A1: Person ID | B1: Entity ID | C1: Entity Legal Name | D1: Full Name | E1: Role | F1: Appointment Date | G1: Nationality | H1: Email | I1: Phone | J1: ID / Passport No | K1: Photo (Insert Image) | L1: Active (Y/N)
B2: =tblEntity[[#This Row],[Entity ID]] -> E-001 | C2: =tblEntity[[#This Row],[Entity Legal Name]] -> Symax Group Limited

Sheet UBO_Register
A1: UBO ID | B1: Entity ID | C1: Entity Legal Name | D1: Full Name | E1: Ownership % | F1: Nationality | G1: Date of Birth | H1: Residential Address | I1: Email | J1: Phone | K1: ID / Passport No | L1: Photo (Insert Image)
B2: =tblEntity[[#This Row],[Entity ID]] -> E-001 | C2: =tblEntity[[#This Row],[Entity Legal Name]] -> Symax Group Limited | D2: Siamak Sarbaz | E2: 100 | F2: UK | G2: 22348 | H2: 375-AL BARSHA THIRD, Premise Number:375997687 Premise Type: RESIDENTIAL - VILLA PO Box:53299, Dubai, UAE | I2: siamak.sarbaz@symax-int.com | K2: 124084080

Sheet Bank_Accounts
A1: Bank Account ID | B1: Entity ID | C1: Entity Legal Name | D1: Bank Name | E1: Country | F1: Account Name | G1: Account No | H1: IBAN | I1: SWIFT/BIC | J1: Currency | K1: Account Type | L1: Status
A2: B-001 | B2: =tblEntity[[#This Row],[Entity ID]] -> E-001 | C2: =tblEntity[[#This Row],[Entity Legal Name]] -> Symax Group Limited | D2: Schroders & Co | E2: Switzerland | G2: 6094240001 | H2: CH7908634006094240001 | I2: BJHSCHZZ | J2: USD | K2: Execution | L2: Active
A3: B-002 | B3: =Entity_Master!A2 -> E-001 | C3: =Entity_Master!B2 -> Symax Group Limited | D3: Schroders & Co | E3: Switzerland | G3: 6094240002 | H3: CH7908634006094240001 | I3: BJHSCHZZ | J3: EUR | K3: Execution | L3: Active
A4: B-003 | B4: =Entity_Master!A2 -> E-001 | C4: =Entity_Master!B2 -> Symax Group Limited | D4: Schroders & Co | E4: Switzerland | G4: 6094240000 | H4: CH7908634006094240001 | I4: BJHSCHZZ | J4: GBP | K4: Execution | L4: Active

Sheet Signatories
A1: Signatory ID | B1: Bank Account ID | C1: Person ID | D1: Signing Authority | E1: Limit | F1: Active (Y/N) | G1: Photo (Insert Image)
B2: =Bank_Accounts!A2 -> B-001
B3: =Bank_Accounts!A3 -> B-002
B4: =Bank_Accounts!A4 -> B-003

Sheet VAT_Regulatory_Matrix
A1: Entity ID | B1: Entity Legal Name | C1: VAT Number | D1: Tax Regime | E1: Filing Frequency | F1: Last Filing Date | G1: Audit Required (Y/N) | H1: Audit Status | I1: Notes | J1: Next Due Date (Auto) | K1: Days to Due (Auto)2 | L1: Filing Status (Auto) | M1: Reminder Flag (Auto)
A2: =tblEntity[[#This Row],[Entity ID]] -> E-001 | B2: =tblEntity[[#This Row],[Entity Legal Name]] -> Symax Group Limited | C2: N/A | D2: VAT Regime | J2: =IF(F2="","",EDATE(F2,IF(E2="Monthly",1,IF(E2="Quarterly",3,IF(E2="Semi-Annual",6,IF(E2="Annual",12,"")))))) | K2: =IF(J2="","",J2-TODAY()) | L2: =IF(J2="","Missing",IF(K2<0,"Overdue",IF(K2<=30,"Due <30d","On Track"))) -> Missing | M2: =IF(L2="Overdue","OVERDUE",IF(L2="Due <30d","DUE SOON",""))
A3: =tblEntity[[#This Row],[Entity ID]] -> E-002 | B3: =tblEntity[[#This Row],[Entity Legal Name]] -> Mycom Holding Limited | D3: VAT Regime | J3: =IF(F3="","",EDATE(F3,IF(E3="Monthly",1,IF(E3="Quarterly",3,IF(E3="Semi-Annual",6,IF(E3="Annual",12,"")))))) | K3: =IF(J3="","",J3-TODAY()) | L3: =IF(J3="","Missing",IF(K3<0,"Overdue",IF(K3<=30,"Due <30d","On Track"))) -> Missing | M3: =IF(L3="Overdue","OVERDUE",IF(L3="Due <30d","DUE SOON",""))
A4: =tblEntity[[#This Row],[Entity ID]] -> E-003 | B4: =tblEntity[[#This Row],[Entity Legal Name]] -> Amertaat Ltd. | J4: =IF(F4="","",EDATE(F4,IF(E4="Monthly",1,IF(E4="Quarterly",3,IF(E4="Semi-Annual",6,IF(E4="Annual",12,"")))))) | K4: =IF(J4="","",J4-TODAY()) | L4: =IF(J4="","Missing",IF(K4<0,"Overdue",IF(K4<=30,"Due <30d","On Track"))) -> Missing | M4: =IF(L4="Overdue","OVERDUE",IF(L4="Due <30d","DUE SOON",""))
A5: =tblEntity[[#This Row],[Entity ID]] -> E-004 | B5: =tblEntity[[#This Row],[Entity Legal Name]] -> One Media Tech Holding Inc. | J5: =IF(F5="","",EDATE(F5,IF(E5="Monthly",1,IF(E5="Quarterly",3,IF(E5="Semi-Annual",6,IF(E5="Annual",12,"")))))) | K5: =IF(J5="","",J5-TODAY()) | L5: =IF(J5="","Missing",IF(K5<0,"Overdue",IF(K5<=30,"Due <30d","On Track"))) -> Missing | M5: =IF(L5="Overdue","OVERDUE",IF(L5="Due <30d","DUE SOON",""))
A6: =tblEntity[[#This Row],[Entity ID]] -> E-005 | B6: =tblEntity[[#This Row],[Entity Legal Name]] -> Symax General Trading LLC | J6: =IF(F6="","",EDATE(F6,IF(E6="Monthly",1,IF(E6="Quarterly",3,IF(E6="Semi-Annual",6,IF(E6="Annual",12,"")))))) | K6: =IF(J6="","",J6-TODAY()) | L6: =IF(J6="","Missing",IF(K6<0,"Overdue",IF(K6<=30,"Due <30d","On Track"))) -> Missing | M6: =IF(L6="Overdue","OVERDUE",IF(L6="Due <30d","DUE SOON",""))
A7: =tblEntity[[#This Row],[Entity ID]] -> E-006 | B7: =tblEntity[[#This Row],[Entity Legal Name]] -> Symax Law FZCO | J7: =IF(F7="","",EDATE(F7,IF(E7="Monthly",1,IF(E7="Quarterly",3,IF(E7="Semi-Annual",6,IF(E7="Annual",12,"")))))) | K7: =IF(J7="","",J7-TODAY()) | L7: =IF(J7="","Missing",IF(K7<0,"Overdue",IF(K7<=30,"Due <30d","On Track"))) -> Missing | M7: =IF(L7="Overdue","OVERDUE",IF(L7="Due <30d","DUE SOON",""))
A8: =tblEntity[[#This Row],[Entity ID]] -> E-007 | B8: =tblEntity[[#This Row],[Entity Legal Name]] -> Z Prime Ltd | J8: =IF(F8="","",EDATE(F8,IF(E8="Monthly",1,IF(E8="Quarterly",3,IF(E8="Semi-Annual",6,IF(E8="Annual",12,"")))))) | K8: =IF(J8="","",J8-TODAY()) | L8: =IF(J8="","Missing",IF(K8<0,"Overdue",IF(K8<=30,"Due <30d","On Track"))) -> Missing | M8: =IF(L8="Overdue","OVERDUE",IF(L8="Due <30d","DUE SOON",""))
A9: =tblEntity[[#This Row],[Entity ID]] -> E-008 | B9: =tblEntity[[#This Row],[Entity Legal Name]] -> Z Prime GmbH | J9: =IF(F9="","",EDATE(F9,IF(E9="Monthly",1,IF(E9="Quarterly",3,IF(E9="Semi-Annual",6,IF(E9="Annual",12,"")))))) | K9: =IF(J9="","",J9-TODAY()) | L9: =IF(J9="","Missing",IF(K9<0,"Overdue",IF(K9<=30,"Due <30d","On Track"))) -> Missing | M9: =IF(L9="Overdue","OVERDUE",IF(L9="Due <30d","DUE SOON",""))
A10: =tblEntity[[#This Row],[Entity ID]] -> E-009 | B10: =tblEntity[[#This Row],[Entity Legal Name]] -> Amertaat Italia SRL | J10: =IF(F10="","",EDATE(F10,IF(E10="Monthly",1,IF(E10="Quarterly",3,IF(E10="Semi-Annual",6,IF(E10="Annual",12,"")))))) | K10: =IF(J10="","",J10-TODAY()) | L10: =IF(J10="","Missing",IF(K10<0,"Overdue",IF(K10<=30,"Due <30d","On Track"))) -> Missing | M10: =IF(L10="Overdue","OVERDUE",IF(L10="Due <30d","DUE SOON",""))
A11: =tblEntity[[#This Row],[Entity ID]] -> E-010 | B11: =tblEntity[[#This Row],[Entity Legal Name]] -> eJuno FZCO | J11: =IF(F11="","",EDATE(F11,IF(E11="Monthly",1,IF(E11="Quarterly",3,IF(E11="Semi-Annual",6,IF(E11="Annual",12,"")))))) | K11: =IF(J11="","",J11-TODAY()) | L11: =IF(J11="","Missing",IF(K11<0,"Overdue",IF(K11<=30,"Due <30d","On Track"))) -> Missing | M11: =IF(L11="Overdue","OVERDUE",IF(L11="Due <30d","DUE SOON",""))
A12: =tblEntity[[#This Row],[Entity ID]] -> E-011 | B12: =tblEntity[[#This Row],[Entity Legal Name]] -> 0 | J12: =IF(F12="","",EDATE(F12,IF(E12="Monthly",1,IF(E12="Quarterly",3,IF(E12="Semi-Annual",6,IF(E12="Annual",12,"")))))) | K12: =IF(J12="","",J12-TODAY()) | L12: =IF(J12="","Missing",IF(K12<0,"Overdue",IF(K12<=30,"Due <30d","On Track"))) -> Missing | M12: =IF(L12="Overdue","OVERDUE",IF(L12="Due <30d","DUE SOON",""))
A13: =tblEntity[[#This Row],[Entity ID]] -> 0 | B13: =tblEntity[[#This Row],[Entity Legal Name]] -> 0 | J13: =IF(F13="","",EDATE(F13,IF(E13="Monthly",1,IF(E13="Quarterly",3,IF(E13="Semi-Annual",6,IF(E13="Annual",12,"")))))) | K13: =IF(J13="","",J13-TODAY()) | L13: =IF(J13="","Missing",IF(K13<0,"Overdue",IF(K13<=30,"Due <30d","On Track"))) -> Missing | M13: =IF(L13="Overdue","OVERDUE",IF(L13="Due <30d","DUE SOON",""))
A14: =tblEntity[[#This Row],[Entity ID]] -> 0 | B14: =tblEntity[[#This Row],[Entity Legal Name]] -> 0 | J14: =IF(F14="","",EDATE(F14,IF(E14="Monthly",1,IF(E14="Quarterly",3,IF(E14="Semi-Annual",6,IF(E14="Annual",12,"")))))) | K14: =IF(J14="","",J14-TODAY()) | L14: =IF(J14="","Missing",IF(K14<0,"Overdue",IF(K14<=30,"Due <30d","On Track"))) -> Missing | M14: =IF(L14="Overdue","OVERDUE",IF(L14="Due <30d","DUE SOON",""))
A15: =tblEntity[[#This Row],[Entity ID]] -> 0 | B15: =tblEntity[[#This Row],[Entity Legal Name]] -> 0 | J15: =IF(F15="","",EDATE(F15,IF(E15="Monthly",1,IF(E15="Quarterly",3,IF(E15="Semi-Annual",6,IF(E15="Annual",12,"")))))) | K15: =IF(J15="","",J15-TODAY()) | L15: =IF(J15="","Missing",IF(K15<0,"Overdue",IF(K15<=30,"Due <30d","On Track"))) -> Missing | M15: =IF(L15="Overdue","OVERDUE",IF(L15="Due <30d","DUE SOON",""))
... A30: =tblEntity[[#This Row],[Entity ID]] -> 0 | B30: =tblEntity[[#This Row],[Entity Legal Name]] -> 0 | J30: =IF(F30="","",EDATE(F30,IF(E30="Monthly",1,IF(E30="Quarterly",3,IF(E30="Semi-Annual",6,IF(E30="Annual",12,"")))))) | K30: =IF(J30="","",J30-TODAY()) | L30: =IF(J30="","Missing",IF(K30<0,"Overdue",IF(K30<=30,"Due <30d","On Track"))) -> Missing | M30: =IF(L30="Overdue","OVERDUE",IF(L30="Due <30d","DUE SOON",""))
A31: =tblEntity[[#This Row],[Entity ID]] -> 0 | B31: =tblEntity[[#This Row],[Entity Legal Name]] -> 0 | H31: Not Required | J31: =IF(F31="","",EDATE(F31,IF(E31="Monthly",1,IF(E31="Quarterly",3,IF(E31="Semi-Annual",6,IF(E31="Annual",12,"")))))) | K31: =IF(J31="","",J31-TODAY()) | L31: =IF(J31="","Missing",IF(K31<0,"Overdue",IF(K31<=30,"Due <30d","On Track"))) -> Missing | M31: =IF(L31="Overdue","OVERDUE",IF(L31="Due <30d","DUE SOON",""))
A32: =tblEntity[[#This Row],[Entity ID]] -> 0 | B32: =tblEntity[[#This Row],[Entity Legal Name]] -> 0 | J32: =IF(F32="","",EDATE(F32,IF(E32="Monthly",1,IF(E32="Quarterly",3,IF(E32="Semi-Annual",6,IF(E32="Annual",12,"")))))) | K32: =IF(J32="","",J32-TODAY()) | L32: =IF(J32="","Missing",IF(K32<0,"Overdue",IF(K32<=30,"Due <30d","On Track"))) -> Missing | M32: =IF(L32="Overdue","OVERDUE",IF(L32="Due <30d","DUE SOON",""))
A33: =tblEntity[[#This Row],[Entity ID]] -> 0 | B33: =tblEntity[[#This Row],[Entity Legal Name]] -> 0 | J33: =IF(F33="","",EDATE(F33,IF(E33="Monthly",1,IF(E33="Quarterly",3,IF(E33="Semi-Annual",6,IF(E33="Annual",12,"")))))) | K33: =IF(J33="","",J33-TODAY()) | L33: =IF(J33="","Missing",IF(K33<0,"Overdue",IF(K33<=30,"Due <30d","On Track"))) -> Missing | M33: =IF(L33="Overdue","OVERDUE",IF(L33="Due <30d","DUE SOON",""))
A34: =tblEntity[[#This Row],[Entity ID]] -> 0 | B34: =tblEntity[[#This Row],[Entity Legal Name]] -> 0 | J34: =IF(F34="","",EDATE(F34,IF(E34="Monthly",1,IF(E34="Quarterly",3,IF(E34="Semi-Annual",6,IF(E34="Annual",12,"")))))) | K34: =IF(J34="","",J34-TODAY()) | L34: =IF(J34="","Missing",IF(K34<0,"Overdue",IF(K34<=30,"Due <30d","On Track"))) -> Missing | M34: =IF(L34="Overdue","OVERDUE",IF(L34="Due <30d","DUE SOON",""))
A35: =tblEntity[[#This Row],[Entity ID]] -> 0 | B35: =tblEntity[[#This Row],[Entity Legal Name]] -> 0 | J35: =IF(F35="","",EDATE(F35,IF(E35="Monthly",1,IF(E35="Quarterly",3,IF(E35="Semi-Annual",6,IF(E35="Annual",12,"")))))) | K35: =IF(J35="","",J35-TODAY()) | L35: =IF(J35="","Missing",IF(K35<0,"Overdue",IF(K35<=30,"Due <30d","On Track"))) -> Missing | M35: =IF(L35="Overdue","OVERDUE",IF(L35="Due <30d","DUE SOON",""))
A36: =tblEntity[[#This Row],[Entity ID]] -> 0 | B36: =tblEntity[[#This Row],[Entity Legal Name]] -> 0 | J36: =IF(F36="","",EDATE(F36,IF(E36="Monthly",1,IF(E36="Quarterly",3,IF(E36="Semi-Annual",6,IF(E36="Annual",12,"")))))) | K36: =IF(J36="","",J36-TODAY()) | L36: =IF(J36="","Missing",IF(K36<0,"Overdue",IF(K36<=30,"Due <30d","On Track"))) -> Missing | M36: =IF(L36="Overdue","OVERDUE",IF(L36="Due <30d","DUE SOON",""))
A37: =tblEntity[[#This Row],[Entity ID]] -> 0 | B37: =tblEntity[[#This Row],[Entity Legal Name]] -> 0 | J37: =IF(F37="","",EDATE(F37,IF(E37="Monthly",1,IF(E37="Quarterly",3,IF(E37="Semi-Annual",6,IF(E37="Annual",12,"")))))) | K37: =IF(J37="","",J37-TODAY()) | L37: =IF(J37="","Missing",IF(K37<0,"Overdue",IF(K37<=30,"Due <30d","On Track"))) -> Missing | M37: =IF(L37="Overdue","OVERDUE",IF(L37="Due <30d","DUE SOON",""))
A38: =tblEntity[[#This Row],[Entity ID]] -> 0 | B38: =tblEntity[[#This Row],[Entity Legal Name]] -> 0 | J38: =IF(F38="","",EDATE(F38,IF(E38="Monthly",1,IF(E38="Quarterly",3,IF(E38="Semi-Annual",6,IF(E38="Annual",12,"")))))) | K38: =IF(J38="","",J38-TODAY()) | L38: =IF(J38="","Missing",IF(K38<0,"Overdue",IF(K38<=30,"Due <30d","On Track"))) -> Missing | M38: =IF(L38="Overdue","OVERDUE",IF(L38="Due <30d","DUE SOON",""))
A39: =tblEntity[[#This Row],[Entity ID]] -> 0 | B39: =tblEntity[[#This Row],[Entity Legal Name]] -> 0 | J39: =IF(F39="","",EDATE(F39,IF(E39="Monthly",1,IF(E39="Quarterly",3,IF(E39="Semi-Annual",6,IF(E39="Annual",12,"")))))) | K39: =IF(J39="","",J39-TODAY()) | L39: =IF(J39="","Missing",IF(K39<0,"Overdue",IF(K39<=30,"Due <30d","On Track"))) -> Missing | M39: =IF(L39="Overdue","OVERDUE",IF(L39="Due <30d","DUE SOON",""))
A40: =tblEntity[[#This Row],[Entity ID]] -> 0 | B40: =tblEntity[[#This Row],[Entity Legal Name]] -> 0 | J40: =IF(F40="","",EDATE(F40,IF(E40="Monthly",1,IF(E40="Quarterly",3,IF(E40="Semi-Annual",6,IF(E40="Annual",12,"")))))) | K40: =IF(J40="","",J40-TODAY()) | L40: =IF(J40="","Missing",IF(K40<0,"Overdue",IF(K40<=30,"Due <30d","On Track"))) -> Missing | M40: =IF(L40="Overdue","OVERDUE",IF(L40="Due <30d","DUE SOON",""))
A41: =tblEntity[[#This Row],[Entity ID]] -> 0 | B41: =tblEntity[[#This Row],[Entity Legal Name]] -> 0 | J41: =IF(F41="","",EDATE(F41,IF(E41="Monthly",1,IF(E41="Quarterly",3,IF(E41="Semi-Annual",6,IF(E41="Annual",12,"")))))) | K41: =IF(J41="","",J41-TODAY()) | L41: =IF(J41="","Missing",IF(K41<0,"Overdue",IF(K41<=30,"Due <30d","On Track"))) -> Missing | M41: =IF(L41="Overdue","OVERDUE",IF(L41="Due <30d","DUE SOON",""))
A42: =tblEntity[[#This Row],[Entity ID]] -> 0 | B42: =tblEntity[[#This Row],[Entity Legal Name]] -> 0 | J42: =IF(F42="","",EDATE(F42,IF(E42="Monthly",1,IF(E42="Quarterly",3,IF(E42="Semi-Annual",6,IF(E42="Annual",12,"")))))) | K42: =IF(J42="","",J42-TODAY()) | L42: =IF(J42="","Missing",IF(K42<0,"Overdue",IF(K42<=30,"Due <30d","On Track"))) -> Missing | M42: =IF(L42="Overdue","OVERDUE",IF(L42="Due <30d","DUE SOON",""))
A43: =tblEntity[[#This Row],[Entity ID]] -> 0 | B43: =tblEntity[[#This Row],[Entity Legal Name]] -> 0 | J43: =IF(F43="","",EDATE(F43,IF(E43="Monthly",1,IF(E43="Quarterly",3,IF(E43="Semi-Annual",6,IF(E43="Annual",12,"")))))) | K43: =IF(J43="","",J43-TODAY()) | L43: =IF(J43="","Missing",IF(K43<0,"Overdue",IF(K43<=30,"Due <30d","On Track"))) -> Missing | M43: =IF(L43="Overdue","OVERDUE",IF(L43="Due <30d","DUE SOON",""))
... A50: =tblEntity[[#This Row],[Entity ID]] -> 0 | B50: =tblEntity[[#This Row],[Entity Legal Name]] -> 0 | J50: =IF(F50="","",EDATE(F50,IF(E50="Monthly",1,IF(E50="Quarterly",3,IF(E50="Semi-Annual",6,IF(E50="Annual",12,"")))))) | K50: =IF(J50="","",J50-TODAY()) | L50: =IF(J50="","Missing",IF(K50<0,"Overdue",IF(K50<=30,"Due <30d","On Track"))) -> Missing | M50: =IF(L50="Overdue","OVERDUE",IF(L50="Due <30d","DUE SOON",""))

Sheet CT_Regulatory_Matrix
A1: Entity ID | B1: Entity Legal Name | C1: Jurisdiction | D1: Tax Identification Number | E1: Corporate Tax Applicable (Y/N) | F1: Return Filing Frequency | G1: Return Filing Due Date | H1: Last Filing Date | I1: Next Due Date (Auto) | J1: Days to Due (Auto)2 | K1: Filing Status (Auto) | L1: Reminder Flag (Auto) | M1: Economic Substance (Y/N) | N1: Transfer Pricing (Y/N) | O1: Data Protection Regime | P1: Notes
A2: =tblEntity[[#This Row],[Entity ID]] -> E-001 | B2: =tblEntity[[#This Row],[Entity Legal Name]] -> Symax Group Limited | C2: EU | E2: No | F2: Annual | G2: 30th September | H2: 45930 | I2: =IF(H2="","",EDATE(H2,IF(F2="Monthly",1,IF(F2="Quarterly",3,IF(F2="Semi-Annual",6,IF(F2="Annual",12,"")))))) -> 46295 | J2: =IF(I2="","",I2-TODAY()) -> 186 | K2: =IF(I2="","Missing",IF(J2<0,"Overdue",IF(J2<=30,"Due <30d","On Track"))) -> On Track | L2: =IF(K2="Overdue","OVERDUE",IF(K2="Due <30d","DUE SOON","")) | M2: Yes | N2: Yes
A3: =tblEntity[[#This Row],[Entity ID]] -> E-002 | B3: =tblEntity[[#This Row],[Entity Legal Name]] -> Mycom Holding Limited | I3: =IF(H3="","",EDATE(H3,IF(F3="Monthly",1,IF(F3="Quarterly",3,IF(F3="Semi-Annual",6,IF(F3="Annual",12,"")))))) | J3: =IF(I3="","",I3-TODAY()) | K3: =IF(I3="","Missing",IF(J3<0,"Overdue",IF(J3<=30,"Due <30d","On Track"))) -> Missing | L3: =IF(K3="Overdue","OVERDUE",IF(K3="Due <30d","DUE SOON",""))
A4: =tblEntity[[#This Row],[Entity ID]] -> E-003 | B4: =tblEntity[[#This Row],[Entity Legal Name]] -> Amertaat Ltd. | I4: =IF(H4="","",EDATE(H4,IF(F4="Monthly",1,IF(F4="Quarterly",3,IF(F4="Semi-Annual",6,IF(F4="Annual",12,"")))))) | J4: =IF(I4="","",I4-TODAY()) | K4: =IF(I4="","Missing",IF(J4<0,"Overdue",IF(J4<=30,"Due <30d","On Track"))) -> Missing | L4: =IF(K4="Overdue","OVERDUE",IF(K4="Due <30d","DUE SOON",""))
A5: =tblEntity[[#This Row],[Entity ID]] -> E-004 | B5: =tblEntity[[#This Row],[Entity Legal Name]] -> One Media Tech Holding Inc. | I5: =IF(H5="","",EDATE(H5,IF(F5="Monthly",1,IF(F5="Quarterly",3,IF(F5="Semi-Annual",6,IF(F5="Annual",12,"")))))) | J5: =IF(I5="","",I5-TODAY()) | K5: =IF(I5="","Missing",IF(J5<0,"Overdue",IF(J5<=30,"Due <30d","On Track"))) -> Missing | L5: =IF(K5="Overdue","OVERDUE",IF(K5="Due <30d","DUE SOON",""))
A6: =tblEntity[[#This Row],[Entity ID]] -> E-005 | B6: =tblEntity[[#This Row],[Entity Legal Name]] -> Symax General Trading LLC | I6: =IF(H6="","",EDATE(H6,IF(F6="Monthly",1,IF(F6="Quarterly",3,IF(F6="Semi-Annual",6,IF(F6="Annual",12,"")))))) | J6: =IF(I6="","",I6-TODAY()) | K6: =IF(I6="","Missing",IF(J6<0,"Overdue",IF(J6<=30,"Due <30d","On Track"))) -> Missing | L6: =IF(K6="Overdue","OVERDUE",IF(K6="Due <30d","DUE SOON",""))
A7: =tblEntity[[#This Row],[Entity ID]] -> E-006 | B7: =tblEntity[[#This Row],[Entity Legal Name]] -> Symax Law FZCO | I7: =IF(H7="","",EDATE(H7,IF(F7="Monthly",1,IF(F7="Quarterly",3,IF(F7="Semi-Annual",6,IF(F7="Annual",12,"")))))) | J7: =IF(I7="","",I7-TODAY()) | K7: =IF(I7="","Missing",IF(J7<0,"Overdue",IF(J7<=30,"Due <30d","On Track"))) -> Missing | L7: =IF(K7="Overdue","OVERDUE",IF(K7="Due <30d","DUE SOON",""))
A8: =tblEntity[[#This Row],[Entity ID]] -> E-007 | B8: =tblEntity[[#This Row],[Entity Legal Name]] -> Z Prime Ltd | I8: =IF(H8="","",EDATE(H8,IF(F8="Monthly",1,IF(F8="Quarterly",3,IF(F8="Semi-Annual",6,IF(F8="Annual",12,"")))))) | J8: =IF(I8="","",I8-TODAY()) | K8: =IF(I8="","Missing",IF(J8<0,"Overdue",IF(J8<=30,"Due <30d","On Track"))) -> Missing | L8: =IF(K8="Overdue","OVERDUE",IF(K8="Due <30d","DUE SOON",""))
A9: =tblEntity[[#This Row],[Entity ID]] -> E-008 | B9: =tblEntity[[#This Row],[Entity Legal Name]] -> Z Prime GmbH | I9: =IF(H9="","",EDATE(H9,IF(F9="Monthly",1,IF(F9="Quarterly",3,IF(F9="Semi-Annual",6,IF(F9="Annual",12,"")))))) | J9: =IF(I9="","",I9-TODAY()) | K9: =IF(I9="","Missing",IF(J9<0,"Overdue",IF(J9<=30,"Due <30d","On Track"))) -> Missing | L9: =IF(K9="Overdue","OVERDUE",IF(K9="Due <30d","DUE SOON",""))
A10: =tblEntity[[#This Row],[Entity ID]] -> E-009 | B10: =tblEntity[[#This Row],[Entity Legal Name]] -> Amertaat Italia SRL | I10: =IF(H10="","",EDATE(H10,IF(F10="Monthly",1,IF(F10="Quarterly",3,IF(F10="Semi-Annual",6,IF(F10="Annual",12,"")))))) | J10: =IF(I10="","",I10-TODAY()) | K10: =IF(I10="","Missing",IF(J10<0,"Overdue",IF(J10<=30,"Due <30d","On Track"))) -> Missing | L10: =IF(K10="Overdue","OVERDUE",IF(K10="Due <30d","DUE SOON",""))
A11: =tblEntity[[#This Row],[Entity ID]] -> E-010 | B11: =tblEntity[[#This Row],[Entity Legal Name]] -> eJuno FZCO | I11: =IF(H11="","",EDATE(H11,IF(F11="Monthly",1,IF(F11="Quarterly",3,IF(F11="Semi-Annual",6,IF(F11="Annual",12,"")))))) | J11: =IF(I11="","",I11-TODAY()) | K11: =IF(I11="","Missing",IF(J11<0,"Overdue",IF(J11<=30,"Due <30d","On Track"))) -> Missing | L11: =IF(K11="Overdue","OVERDUE",IF(K11="Due <30d","DUE SOON",""))
A12: =tblEntity[[#This Row],[Entity ID]] -> E-011 | B12: =tblEntity[[#This Row],[Entity Legal Name]] -> 0 | I12: =IF(H12="","",EDATE(H12,IF(F12="Monthly",1,IF(F12="Quarterly",3,IF(F12="Semi-Annual",6,IF(F12="Annual",12,"")))))) | J12: =IF(I12="","",I12-TODAY()) | K12: =IF(I12="","Missing",IF(J12<0,"Overdue",IF(J12<=30,"Due <30d","On Track"))) -> Missing | L12: =IF(K12="Overdue","OVERDUE",IF(K12="Due <30d","DUE SOON",""))

Sheet Licenses_Regulatory
A1: Entity ID | B1: Entity Legal Name | C1: Licensing Authority | D1: Expiry Date | E1: Licese Link | F1: Days to Expiry (Auto) | G1: Status | H1: Owner (Role/Person)
A2: =tblEntity[[#This Row],[Entity ID]] -> E-001 | B2: =tblEntity[[#This Row],[Entity Legal Name]] -> Symax Group Limited | C2: N/A | F2: =IF(D2="","",D2-TODAY()) | G2: =IF(F2="","",IF(F2<0,"EXPIRED",IF(F2<=60,"RENEW <60d","")))
A3: =tblEntity[[#This Row],[Entity ID]] -> E-002 | B3: =tblEntity[[#This Row],[Entity Legal Name]] -> Mycom Holding Limited | F3: =IF(D3="","",D3-TODAY()) | G3: =IF(F3="","",IF(F3<0,"EXPIRED",IF(F3<=60,"RENEW <60d","")))
A4: =tblEntity[[#This Row],[Entity ID]] -> E-003 | B4: =tblEntity[[#This Row],[Entity Legal Name]] -> Amertaat Ltd. | F4: =IF(D4="","",D4-TODAY()) | G4: =IF(F4="","",IF(F4<0,"EXPIRED",IF(F4<=60,"RENEW <60d","")))
A5: =tblEntity[[#This Row],[Entity ID]] -> E-004 | B5: =tblEntity[[#This Row],[Entity Legal Name]] -> One Media Tech Holding Inc. | F5: =IF(D5="","",D5-TODAY()) | G5: =IF(F5="","",IF(F5<0,"EXPIRED",IF(F5<=60,"RENEW <60d","")))
A6: =tblEntity[[#This Row],[Entity ID]] -> E-005 | B6: =tblEntity[[#This Row],[Entity Legal Name]] -> Symax General Trading LLC | F6: =IF(D6="","",D6-TODAY()) | G6: =IF(F6="","",IF(F6<0,"EXPIRED",IF(F6<=60,"RENEW <60d","")))
A7: =tblEntity[[#This Row],[Entity ID]] -> E-006 | B7: =tblEntity[[#This Row],[Entity Legal Name]] -> Symax Law FZCO | F7: =IF(D7="","",D7-TODAY()) | G7: =IF(F7="","",IF(F7<0,"EXPIRED",IF(F7<=60,"RENEW <60d","")))
A8: =tblEntity[[#This Row],[Entity ID]] -> E-007 | B8: =tblEntity[[#This Row],[Entity Legal Name]] -> Z Prime Ltd | F8: =IF(D8="","",D8-TODAY()) | G8: =IF(F8="","",IF(F8<0,"EXPIRED",IF(F8<=60,"RENEW <60d","")))
A9: =tblEntity[[#This Row],[Entity ID]] -> E-008 | B9: =tblEntity[[#This Row],[Entity Legal Name]] -> Z Prime GmbH | F9: =IF(D9="","",D9-TODAY()) | G9: =IF(F9="","",IF(F9<0,"EXPIRED",IF(F9<=60,"RENEW <60d","")))
A10: =tblEntity[[#This Row],[Entity ID]] -> E-009 | B10: =tblEntity[[#This Row],[Entity Legal Name]] -> Amertaat Italia SRL | F10: =IF(D10="","",D10-TODAY()) | G10: =IF(F10="","",IF(F10<0,"EXPIRED",IF(F10<=60,"RENEW <60d","")))
A11: =tblEntity[[#This Row],[Entity ID]] -> E-010 | B11: =tblEntity[[#This Row],[Entity Legal Name]] -> eJuno FZCO | F11: =IF(D11="","",D11-TODAY()) | G11: =IF(F11="","",IF(F11<0,"EXPIRED",IF(F11<=60,"RENEW <60d","")))
A12: =tblEntity[[#This Row],[Entity ID]] -> E-011 | B12: =tblEntity[[#This Row],[Entity Legal Name]] -> 0 | F12: =IF(D12="","",D12-TODAY()) | G12: =IF(F12="","",IF(F12<0,"EXPIRED",IF(F12<=60,"RENEW <60d","")))
A13: =tblEntity[[#This Row],[Entity ID]] -> 0 | B13: =tblEntity[[#This Row],[Entity Legal Name]] -> 0 | F13: =IF(D13="","",D13-TODAY()) | G13: =IF(F13="","",IF(F13<0,"EXPIRED",IF(F13<=60,"RENEW <60d","")))
A14: =tblEntity[[#This Row],[Entity ID]] -> 0 | B14: =tblEntity[[#This Row],[Entity Legal Name]] -> 0 | F14: =IF(D14="","",D14-TODAY()) | G14: =IF(F14="","",IF(F14<0,"EXPIRED",IF(F14<=60,"RENEW <60d","")))
... A100: =tblEntity[[#This Row],[Entity ID]] -> 0 | B100: =tblEntity[[#This Row],[Entity Legal Name]] -> 0 | F100: =IF(D100="","",D100-TODAY()) | G100: =IF(F100="","",IF(F100<0,"EXPIRED",IF(F100<=60,"RENEW <60d","")))

Sheet Auditors
A1: Entity ID | B1: Entity Legal Name | C1: Auditor ID | D1: Audit Firm Name | E1: Lead Partner | F1: Email | G1: Phone | H1: Appointment Date | I1: Audit Period | J1: Audit Status | K1: Notes
A2: =tblEntity[[#This Row],[Entity ID]] -> E-001 | B2: =tblEntity[[#This Row],[Entity Legal Name]] -> Symax Group Limited | C2: N/A
A3: =tblEntity[[#This Row],[Entity ID]] -> E-002 | B3: =tblEntity[[#This Row],[Entity Legal Name]] -> Mycom Holding Limited | C3: N/A
A4: =tblEntity[[#This Row],[Entity ID]] -> E-003 | B4: =tblEntity[[#This Row],[Entity Legal Name]] -> Amertaat Ltd. | C4: N/A
A5: =tblEntity[[#This Row],[Entity ID]] -> E-004 | B5: =tblEntity[[#This Row],[Entity Legal Name]] -> One Media Tech Holding Inc. | C5: N/A
A6: =tblEntity[[#This Row],[Entity ID]] -> E-005 | B6: =tblEntity[[#This Row],[Entity Legal Name]] -> Symax General Trading LLC | C6: A-001 | D6: RSM Dahman Auditors | E6: Asad Mahmood | F6: asadm@rsm.ae | G6: 971501557532 | H6: 45611 | I6: 2021-2023 | J6: In progress
A7: =tblEntity[[#This Row],[Entity ID]] -> E-006 | B7: =tblEntity[[#This Row],[Entity Legal Name]] -> Symax Law FZCO | C7: A-002
A8: =tblEntity[[#This Row],[Entity ID]] -> E-007 | B8: =tblEntity[[#This Row],[Entity Legal Name]] -> Z Prime Ltd | C8: N/A
A9: =tblEntity[[#This Row],[Entity ID]] -> E-008 | B9: =tblEntity[[#This Row],[Entity Legal Name]] -> Z Prime GmbH | C9: N/A
A10: =tblEntity[[#This Row],[Entity ID]] -> E-009 | B10: =tblEntity[[#This Row],[Entity Legal Name]] -> Amertaat Italia SRL | C10: A-003
A11: =tblEntity[[#This Row],[Entity ID]] -> E-010 | B11: =tblEntity[[#This Row],[Entity Legal Name]] -> eJuno FZCO | C11: A-004 | D11: SCM Madria Auditing LLC | E11: Shaji C Madathil | F11: shaji@scmmadria.com, shaji@afsauditing.com | G11: 971527826758 | H11: 45422 | I11: 2025 | J11: In progress

Sheet Document_Control
A1: Doc ID | B1: Entity ID | C1: Document Type | D1: Document Description | E1: Issue Date | F1: Expiry Date | G1: Responsible Person | H1: Review Status | I1: Notes

Sheet Controls_Log
A1: Control ID | B1: Date Logged | C1: Entity ID | D1: Control Type | E1: Description | F1: Owner | G1: Risk Rating | H1: Status | I1: Evidence Link | J1: Due Date | K1: Closure Date | L1: Comments

Sheet Top_10_Issues
A1: Issue Type | B1: Entity ID | C1: Entity Legal Name | D1: Description | E1: Due Date | F1: Days Overdue | G1: Status
A2: =Renewal_Calendar!B2 -> VAT Filing | B2: =Renewal_Calendar!C2 -> E-001 | C2: =Renewal_Calendar!D2 -> Symax Group Limited | D2: =Renewal_Calendar!E2 -> VAT return filing (most entities quarterly) | E2: =Renewal_Calendar!F2 | F2: =Renewal_Calendar!I2 | G2: =Renewal_Calendar!K2
A3: =Renewal_Calendar!B3 -> Corporate Tax Filing | B3: =Renewal_Calendar!C3 -> E-001 | C3: =Renewal_Calendar!D3 -> Symax Group Limited | D3: =Renewal_Calendar!E3 -> Corporate tax return filing | E3: =Renewal_Calendar!F3 | F3: =Renewal_Calendar!I3 | G3: =Renewal_Calendar!K3
A4: =Renewal_Calendar!B4 -> VAT Filing | B4: =Renewal_Calendar!C4 -> E-002 | C4: =Renewal_Calendar!D4 -> Mycom Holding Limited | D4: =Renewal_Calendar!E4 -> VAT return filing (most entities quarterly) | E4: =Renewal_Calendar!F4 | F4: =Renewal_Calendar!I4 | G4: =Renewal_Calendar!K4
A5: =Renewal_Calendar!B5 -> Corporate Tax Filing | B5: =Renewal_Calendar!C5 -> E-002 | C5: =Renewal_Calendar!D5 -> Mycom Holding Limited | D5: =Renewal_Calendar!E5 -> Corporate tax return filing | E5: =Renewal_Calendar!F5 | F5: =Renewal_Calendar!I5 | G5: =Renewal_Calendar!K5
A6: =Renewal_Calendar!B6 -> VAT Filing | B6: =Renewal_Calendar!C6 -> E-003 | C6: =Renewal_Calendar!D6 -> Amertaat Ltd. | D6: =Renewal_Calendar!E6 -> VAT return filing (most entities quarterly) | E6: =Renewal_Calendar!F6 | F6: =Renewal_Calendar!I6 | G6: =Renewal_Calendar!K6
A7: =Renewal_Calendar!B7 -> Corporate Tax Filing | B7: =Renewal_Calendar!C7 -> E-003 | C7: =Renewal_Calendar!D7 -> Amertaat Ltd. | D7: =Renewal_Calendar!E7 -> Corporate tax return filing | E7: =Renewal_Calendar!F7 | F7: =Renewal_Calendar!I7 | G7: =Renewal_Calendar!K7
A8: =Renewal_Calendar!B8 -> VAT Filing | B8: =Renewal_Calendar!C8 -> E-004 | C8: =Renewal_Calendar!D8 -> One Media Tech Holding Inc. | D8: =Renewal_Calendar!E8 -> VAT return filing (most entities quarterly) | E8: =Renewal_Calendar!F8 | F8: =Renewal_Calendar!I8 | G8: =Renewal_Calendar!K8
A9: =Renewal_Calendar!B9 -> Corporate Tax Filing | B9: =Renewal_Calendar!C9 -> E-004 | C9: =Renewal_Calendar!D9 -> One Media Tech Holding Inc. | D9: =Renewal_Calendar!E9 -> Corporate tax return filing | E9: =Renewal_Calendar!F9 | F9: =Renewal_Calendar!I9 | G9: =Renewal_Calendar!K9
A10: =Renewal_Calendar!B10 -> VAT Filing | B10: =Renewal_Calendar!C10 -> E-005 | C10: =Renewal_Calendar!D10 -> Symax General Trading LLC | D10: =Renewal_Calendar!E10 -> VAT return filing (most entities quarterly) | E10: =Renewal_Calendar!F10 | F10: =Renewal_Calendar!I10 | G10: =Renewal_Calendar!K10
A11: =Renewal_Calendar!B11 -> Corporate Tax Filing | B11: =Renewal_Calendar!C11 -> E-005 | C11: =Renewal_Calendar!D11 -> Symax General Trading LLC | D11: =Renewal_Calendar!E11 -> Corporate tax return filing | E11: =Renewal_Calendar!F11 | F11: =Renewal_Calendar!I11 | G11: =Renewal_Calendar!K11

Sheet Renewal_Calendar
A1: Item ID | B1: Item Type | C1: Entity ID | D1: Entity Legal Name (Lookup) | E1: Description | F1: Due Date | G1: Owner (Role/Person) | H1: Status | I1: Days to Due (Auto) | J1: RAG (Auto) | K1: Reminder Flag (Auto) | L1: Notes
A2: CAL-0001 | B2: VAT Filing | C2: E-001 | D2: =IF(C2="","",IFERROR(VLOOKUP(C2,Entity_Master!$A:$B,2,FALSE),"")) -> Symax Group Limited | E2: VAT return filing (most entities quarterly) | F2: =IFERROR(INDEX(VAT_Regulatory_Matrix!$J:$J,MATCH($C2,VAT_Regulatory_Matrix!$A:$A,0)),"") | G2: Tax Manager | H2: Open | I2: =IF(F2="","",F2-TODAY()) | J2: =IF(I2="","",IF(I2<0,"Red",IF(I2<=30,"Amber","Green"))) | K2: =IF(J2="Red","OVERDUE",IF(J2="Amber","DUE SOON",""))
A3: CAL-0002 | B3: Corporate Tax Filing | C3: E-001 | D3: =IF(C3="","",IFERROR(VLOOKUP(C3,Entity_Master!$A:$B,2,FALSE),"")) -> Symax Group Limited | E3: Corporate tax return filing | F3: =IFERROR(INDEX(VAT_Regulatory_Matrix!$J:$J,MATCH($C3,VAT_Regulatory_Matrix!$A:$A,0)),"") | G3: Tax Manager | H3: Open | I3: =IF(F3="","",F3-TODAY()) | J3: =IF(I3="","",IF(I3<0,"Red",IF(I3<=30,"Amber","Green"))) | K3: =IF(J3="Red","OVERDUE",IF(J3="Amber","DUE SOON",""))
A4: CAL-0003 | B4: VAT Filing | C4: E-002 | D4: =IF(C4="","",IFERROR(VLOOKUP(C4,Entity_Master!$A:$B,2,FALSE),"")) -> Mycom Holding Limited | E4: VAT return filing (most entities quarterly) | F4: =IFERROR(INDEX(VAT_Regulatory_Matrix!$J:$J,MATCH($C4,VAT_Regulatory_Matrix!$A:$A,0)),"") | G4: Tax Manager | H4: Open | I4: =IF(F4="","",F4-TODAY()) | J4: =IF(I4="","",IF(I4<0,"Red",IF(I4<=30,"Amber","Green"))) | K4: =IF(J4="Red","OVERDUE",IF(J4="Amber","DUE SOON",""))
A5: CAL-0004 | B5: Corporate Tax Filing | C5: E-002 | D5: =IF(C5="","",IFERROR(VLOOKUP(C5,Entity_Master!$A:$B,2,FALSE),"")) -> Mycom Holding Limited | E5: Corporate tax return filing | F5: =IFERROR(INDEX(VAT_Regulatory_Matrix!$J:$J,MATCH($C5,VAT_Regulatory_Matrix!$A:$A,0)),"") | G5: Tax Manager | H5: Open | I5: =IF(F5="","",F5-TODAY()) | J5: =IF(I5="","",IF(I5<0,"Red",IF(I5<=30,"Amber","Green"))) | K5: =IF(J5="Red","OVERDUE",IF(J5="Amber","DUE SOON",""))
A6: CAL-0005 | B6: VAT Filing | C6: E-003 | D6: =IF(C6="","",IFERROR(VLOOKUP(C6,Entity_Master!$A:$B,2,FALSE),"")) -> Amertaat Ltd. | E6: VAT return filing (most entities quarterly) | F6: =IFERROR(INDEX(VAT_Regulatory_Matrix!$J:$J,MATCH($C6,VAT_Regulatory_Matrix!$A:$A,0)),"") | G6: Tax Manager | H6: Open | I6: =IF(F6="","",F6-TODAY()) | J6: =IF(I6="","",IF(I6<0,"Red",IF(I6<=30,"Amber","Green"))) | K6: =IF(J6="Red","OVERDUE",IF(J6="Amber","DUE SOON",""))
A7: CAL-0006 | B7: Corporate Tax Filing | C7: E-003 | D7: =IF(C7="","",IFERROR(VLOOKUP(C7,Entity_Master!$A:$B,2,FALSE),"")) -> Amertaat Ltd. | E7: Corporate tax return filing | F7: =IFERROR(INDEX(VAT_Regulatory_Matrix!$J:$J,MATCH($C7,VAT_Regulatory_Matrix!$A:$A,0)),"") | G7: Tax Manager | H7: Open | I7: =IF(F7="","",F7-TODAY()) | J7: =IF(I7="","",IF(I7<0,"Red",IF(I7<=30,"Amber","Green"))) | K7: =IF(J7="Red","OVERDUE",IF(J7="Amber","DUE SOON",""))
A8: CAL-0007 | B8: VAT Filing | C8: E-004 | D8: =IF(C8="","",IFERROR(VLOOKUP(C8,Entity_Master!$A:$B,2,FALSE),"")) -> One Media Tech Holding Inc. | E8: VAT return filing (most entities quarterly) | F8: =IFERROR(INDEX(VAT_Regulatory_Matrix!$J:$J,MATCH($C8,VAT_Regulatory_Matrix!$A:$A,0)),"") | G8: Tax Manager | H8: Open | I8: =IF(F8="","",F8-TODAY()) | J8: =IF(I8="","",IF(I8<0,"Red",IF(I8<=30,"Amber","Green"))) | K8: =IF(J8="Red","OVERDUE",IF(J8="Amber","DUE SOON",""))
A9: CAL-0008 | B9: Corporate Tax Filing | C9: E-004 | D9: =IF(C9="","",IFERROR(VLOOKUP(C9,Entity_Master!$A:$B,2,FALSE),"")) -> One Media Tech Holding Inc. | E9: Corporate tax return filing | F9: =IFERROR(INDEX(VAT_Regulatory_Matrix!$J:$J,MATCH($C9,VAT_Regulatory_Matrix!$A:$A,0)),"") | G9: Tax Manager | H9: Open | I9: =IF(F9="","",F9-TODAY()) | J9: =IF(I9="","",IF(I9<0,"Red",IF(I9<=30,"Amber","Green"))) | K9: =IF(J9="Red","OVERDUE",IF(J9="Amber","DUE SOON",""))
A10: CAL-0009 | B10: VAT Filing | C10: E-005 | D10: =IF(C10="","",IFERROR(VLOOKUP(C10,Entity_Master!$A:$B,2,FALSE),"")) -> Symax General Trading LLC | E10: VAT return filing (most entities quarterly) | F10: =IFERROR(INDEX(VAT_Regulatory_Matrix!$J:$J,MATCH($C10,VAT_Regulatory_Matrix!$A:$A,0)),"") | G10: Tax Manager | H10: Open | I10: =IF(F10="","",F10-TODAY()) | J10: =IF(I10="","",IF(I10<0,"Red",IF(I10<=30,"Amber","Green"))) | K10: =IF(J10="Red","OVERDUE",IF(J10="Amber","DUE SOON",""))
A11: CAL-0010 | B11: Corporate Tax Filing | C11: E-005 | D11: =IF(C11="","",IFERROR(VLOOKUP(C11,Entity_Master!$A:$B,2,FALSE),"")) -> Symax General Trading LLC | E11: Corporate tax return filing | F11: =IFERROR(INDEX(VAT_Regulatory_Matrix!$J:$J,MATCH($C11,VAT_Regulatory_Matrix!$A:$A,0)),"") | G11: Tax Manager | H11: Open | I11: =IF(F11="","",F11-TODAY()) | J11: =IF(I11="","",IF(I11<0,"Red",IF(I11<=30,"Amber","Green"))) | K11: =IF(J11="Red","OVERDUE",IF(J11="Amber","DUE SOON",""))
A12: CAL-0011 | B12: VAT Filing | C12: E-006 | D12: =IF(C12="","",IFERROR(VLOOKUP(C12,Entity_Master!$A:$B,2,FALSE),"")) -> Symax Law FZCO | E12: VAT return filing (most entities quarterly) | F12: =IFERROR(INDEX(VAT_Regulatory_Matrix!$J:$J,MATCH($C12,VAT_Regulatory_Matrix!$A:$A,0)),"") | G12: Tax Manager | H12: Open | I12: =IF(F12="","",F12-TODAY()) | J12: =IF(I12="","",IF(I12<0,"Red",IF(I12<=30,"Amber","Green"))) | K12: =IF(J12="Red","OVERDUE",IF(J12="Amber","DUE SOON",""))
A13: CAL-0012 | B13: Corporate Tax Filing | C13: E-006 | D13: =IF(C13="","",IFERROR(VLOOKUP(C13,Entity_Master!$A:$B,2,FALSE),"")) -> Symax Law FZCO | E13: Corporate tax return filing | F13: =IFERROR(INDEX(VAT_Regulatory_Matrix!$J:$J,MATCH($C13,VAT_Regulatory_Matrix!$A:$A,0)),"") | G13: Tax Manager | H13: Open | I13: =IF(F13="","",F13-TODAY()) | J13: =IF(I13="","",IF(I13<0,"Red",IF(I13<=30,"Amber","Green"))) | K13: =IF(J13="Red","OVERDUE",IF(J13="Amber","DUE SOON",""))
... A21: CAL-0020 | B21: Corporate Tax Filing | C21: E-010 | D21: =IF(C21="","",IFERROR(VLOOKUP(C21,Entity_Master!$A:$B,2,FALSE),"")) -> eJuno FZCO | E21: Corporate tax return filing | F21: =IFERROR(INDEX(VAT_Regulatory_Matrix!$J:$J,MATCH($C21,VAT_Regulatory_Matrix!$A:$A,0)),"") | G21: Tax Manager | H21: Open | I21: =IF(F21="","",F21-TODAY()) | J21: =IF(I21="","",IF(I21<0,"Red",IF(I21<=30,"Amber","Green"))) | K21: =IF(J21="Red","OVERDUE",IF(J21="Amber","DUE SOON",""))
D22: =IF(C22="","",IFERROR(VLOOKUP(C22,Entity_Master!$A:$B,2,FALSE),"")) | I22: =IF(F22="","",F22-TODAY()) | J22: =IF(I22="","",IF(I22<0,"Red",IF(I22<=30,"Amber","Green"))) | K22: =IF(J22="Red","OVERDUE",IF(J22="Amber","DUE SOON",""))
D23: =IF(C23="","",IFERROR(VLOOKUP(C23,Entity_Master!$A:$B,2,FALSE),"")) | I23: =IF(F23="","",F23-TODAY()) | J23: =IF(I23="","",IF(I23<0,"Red",IF(I23<=30,"Amber","Green"))) | K23: =IF(J23="Red","OVERDUE",IF(J23="Amber","DUE SOON",""))
D24: =IF(C24="","",IFERROR(VLOOKUP(C24,Entity_Master!$A:$B,2,FALSE),"")) | I24: =IF(F24="","",F24-TODAY()) | J24: =IF(I24="","",IF(I24<0,"Red",IF(I24<=30,"Amber","Green"))) | K24: =IF(J24="Red","OVERDUE",IF(J24="Amber","DUE SOON",""))
D25: =IF(C25="","",IFERROR(VLOOKUP(C25,Entity_Master!$A:$B,2,FALSE),"")) | I25: =IF(F25="","",F25-TODAY()) | J25: =IF(I25="","",IF(I25<0,"Red",IF(I25<=30,"Amber","Green"))) | K25: =IF(J25="Red","OVERDUE",IF(J25="Amber","DUE SOON",""))
D26: =IF(C26="","",IFERROR(VLOOKUP(C26,Entity_Master!$A:$B,2,FALSE),"")) | I26: =IF(F26="","",F26-TODAY()) | J26: =IF(I26="","",IF(I26<0,"Red",IF(I26<=30,"Amber","Green"))) | K26: =IF(J26="Red","OVERDUE",IF(J26="Amber","DUE SOON",""))
D27: =IF(C27="","",IFERROR(VLOOKUP(C27,Entity_Master!$A:$B,2,FALSE),"")) | I27: =IF(F27="","",F27-TODAY()) | J27: =IF(I27="","",IF(I27<0,"Red",IF(I27<=30,"Amber","Green"))) | K27: =IF(J27="Red","OVERDUE",IF(J27="Amber","DUE SOON",""))
D28: =IF(C28="","",IFERROR(VLOOKUP(C28,Entity_Master!$A:$B,2,FALSE),"")) | I28: =IF(F28="","",F28-TODAY()) | J28: =IF(I28="","",IF(I28<0,"Red",IF(I28<=30,"Amber","Green"))) | K28: =IF(J28="Red","OVERDUE",IF(J28="Amber","DUE SOON",""))
D29: =IF(C29="","",IFERROR(VLOOKUP(C29,Entity_Master!$A:$B,2,FALSE),"")) | I29: =IF(F29="","",F29-TODAY()) | J29: =IF(I29="","",IF(I29<0,"Red",IF(I29<=30,"Amber","Green"))) | K29: =IF(J29="Red","OVERDUE",IF(J29="Amber","DUE SOON",""))
D30: =IF(C30="","",IFERROR(VLOOKUP(C30,Entity_Master!$A:$B,2,FALSE),"")) | I30: =IF(F30="","",F30-TODAY()) | J30: =IF(I30="","",IF(I30<0,"Red",IF(I30<=30,"Amber","Green"))) | K30: =IF(J30="Red","OVERDUE",IF(J30="Amber","DUE SOON",""))
D31: =IF(C31="","",IFERROR(VLOOKUP(C31,Entity_Master!$A:$B,2,FALSE),"")) | I31: =IF(F31="","",F31-TODAY()) | J31: =IF(I31="","",IF(I31<0,"Red",IF(I31<=30,"Amber","Green"))) | K31: =IF(J31="Red","OVERDUE",IF(J31="Amber","DUE SOON",""))
D32: =IF(C32="","",IFERROR(VLOOKUP(C32,Entity_Master!$A:$B,2,FALSE),"")) | I32: =IF(F32="","",F32-TODAY()) | J32: =IF(I32="","",IF(I32<0,"Red",IF(I32<=30,"Amber","Green"))) | K32: =IF(J32="Red","OVERDUE",IF(J32="Amber","DUE SOON",""))
D33: =IF(C33="","",IFERROR(VLOOKUP(C33,Entity_Master!$A:$B,2,FALSE),"")) | I33: =IF(F33="","",F33-TODAY()) | J33: =IF(I33="","",IF(I33<0,"Red",IF(I33<=30,"Amber","Green"))) | K33: =IF(J33="Red","OVERDUE",IF(J33="Amber","DUE SOON",""))
... D100: =IF(C100="","",IFERROR(VLOOKUP(C100,Entity_Master!$A:$B,2,FALSE),"")) | I100: =IF(F100="","",F100-TODAY()) | J100: =IF(I100="","",IF(I100<0,"Red",IF(I100<=30,"Amber","Green"))) | K100: =IF(J100="Red","OVERDUE",IF(J100="Amber","DUE SOON",""))

Sheet Governance_Dashboard
A1: Section
A2: Group Overview | B2: Total Entities | C2: =COUNTA(Entity_Master!$A$2:$A$5000) -> 11 | E2: Jurisdiction | F2: Count
A3: Group Overview | B3: Active Entities | C3: =COUNTIF(Entity_Master!$U$2:$U$5000,"Active") -> 0 | E3: UAE | F3: =COUNTIF(Entity_Master!$J$2:$J$5000,"UAE") -> 0
A4: Compliance | B4: Overdue Tax Filings | C4: =COUNTIF(VAT_Regulatory_Matrix!$L$2:$L$4050,"Overdue") -> 0 | E4: UK | F4: =COUNTIF(Entity_Master!$J$2:$J$5000,"UK") -> 0
A5: Compliance | B5: Due <30d Tax Filings | C5: =COUNTIF(VAT_Regulatory_Matrix!$L$2:$L$4050,"Due <30d") -> 0 | E5: EU | F5: =COUNTIF(Entity_Master!$J$2:$J$5000,"EU") -> 0
A6: Renewals | B6: Overdue Items (Calendar) | C6: =COUNTIF(Renewal_Calendar!$K$2:$K$4841,"OVERDUE") -> 0 | E6: US | F6: =COUNTIF(Entity_Master!$J$2:$J$5000,"US") -> 0
A7: Renewals | B7: Due Soon Items (Calendar) | C7: =COUNTIF(Renewal_Calendar!$K$2:$K$4841,"DUE SOON") -> 0 | E7: Germany | F7: =COUNTIF(Entity_Master!$J$2:$J$5000,"Germany") -> 0
E8: Italy | F8: =COUNTIF(Entity_Master!$J$2:$J$5000,"Italy") -> 0

Sheet Board_Pack
A1: Group Governance & Compliance – Board Pack Summary
A3: As of: | B3: =TODAY() -> 46109
A5: Key Metrics
A6: Metric | B6: Value | D6: Tax Filing Status
A7: Total Entities | B7: =COUNTA(Entity_Master!$A$2:$A$5000) -> 11 | D7: Overdue | E7: =COUNTIF(VAT_Regulatory_Matrix!$L$2:$L$4050,"Overdue") -> 0
A8: Active Entities | B8: =COUNTIF(Entity_Master!$U$2:$U$5000,"Active") -> 0 | D8: Due <30d | E8: =COUNTIF(VAT_Regulatory_Matrix!$L$2:$L$4050,"Due <30d") -> 0
A9: Overdue Tax Filings | B9: =COUNTIF(VAT_Regulatory_Matrix!$L$2:$L$4050,"Overdue") -> 0 | D9: On Track | E9: =COUNTIF(VAT_Regulatory_Matrix!$L$2:$L$4050,"On Track") -> 0
A10: Due <30d Tax Filings | B10: =COUNTIF(VAT_Regulatory_Matrix!$L$2:$L$4050,"Due <30d") -> 0
A11: Expired Licenses | B11: =COUNTIF(Licenses_Regulatory!#REF!,"EXPIRED") -> #REF!
A12: Renewals <60d | B12: =COUNTIF(Licenses_Regulatory!#REF!,"RENEW <60d") -> #REF!
A13: Overdue Calendar Items | B13: =COUNTIF(Renewal_Calendar!$K$2:$K$4841,"OVERDUE") -> 0
A14: Due Soon Calendar Items | B14: =COUNTIF(Renewal_Calendar!$K$2:$K$4841,"DUE SOON") -> 0

Sheet Risk_Heatmap
A1: Jurisdiction Risk Overview
A2: Jurisdiction | B2: Entity Count
A3: UAE | B3: =COUNTIF(Entity_Master!J2:J5000,"UAE") -> 0
A4: UK | B4: =COUNTIF(Entity_Master!J2:J5000,"UK") -> 0
A5: EU | B5: =COUNTIF(Entity_Master!J2:J5000,"EU") -> 0
A6: US | B6: =COUNTIF(Entity_Master!J2:J5000,"US") -> 0
A7: Germany | B7: =COUNTIF(Entity_Master!J2:J5000,"Germany") -> 0
A8: Italy | B8: =COUNTIF(Entity_Master!J2:J5000,"Italy") -> 0
